{"name":"IPS","protocol":"RFC","resources":[{"path":"BAPI_USER_ACTGROUPS_ASSIGN","enabled":true,"exactMatchOnly":true,"creationDate":1734642761031,"websocketUpgradeAllowed":false,"description":"","fromScenarioOnly":false},{"path":"BAPI_USER_CREATE1","enabled":true,"exactMatchOnly":true,"creationDate":1734642749978,"websocketUpgradeAllowed":false,"description":"","fromScenarioOnly":false},{"path":"BAPI_USER_DELETE","enabled":true,"exactMatchOnly":true,"creationDate":1734642789889,"websocketUpgradeAllowed":false,"description":"","fromScenarioOnly":false},{"path":"BAPI_USER_GETLIST","enabled":true,"exactMatchOnly":true,"creationDate":1734642726898,"websocketUpgradeAllowed":false,"description":"","fromScenarioOnly":false},{"path":"BAPI_USER_GET_DETAIL","enabled":true,"exactMatchOnly":true,"creationDate":1734642738498,"websocketUpgradeAllowed":false,"description":"","fromScenarioOnly":false},{"path":"IDENTITY_MODIFY","enabled":true,"exactMatchOnly":true,"creationDate":1734642774722,"websocketUpgradeAllowed":false,"description":"","fromScenarioOnly":false},{"path":"PRGN_ACTIVITY_GROUPS_LOAD_RFC","enabled":true,"exactMatchOnly":true,"creationDate":1734642848062,"websocketUpgradeAllowed":false,"description":"","fromScenarioOnly":false},{"path":"PRGN_ROLE_GETLIST","enabled":true,"exactMatchOnly":true,"creationDate":1734642690595,"websocketUpgradeAllowed":false,"description":"","fromScenarioOnly":false}]}